ssn|cc_num|first|last|gender|street|city|state|zip|lat|long|city_pop|job|dob|acct_num|profile|trans_num|trans_date|trans_time|unix_time|category|amt|is_fraud|merchant|merch_lat|merch_long
729-82-5843|3545872297023291|Jennifer|Shelton|F|1609 Jason Flat Apt. 341|Maxton|NC|28364|34.7334|-79.3097|14809|Sports development officer|1972-05-20|205125746682|adults_2550_female_urban.json|4712d58ffdbb92c08d46d695c3d5d6e4|2021-01-09|00:39:21|1610152761|shopping_net|1153.96|1|May, Brown and Mccoy|34.952970|-79.357996
729-82-5843|3545872297023291|Jennifer|Shelton|F|1609 Jason Flat Apt. 341|Maxton|NC|28364|34.7334|-79.3097|14809|Sports development officer|1972-05-20|205125746682|adults_2550_female_urban.json|231cbaf9710ec676d3c1865004ca11c7|2021-01-08|01:57:17|1610071037|misc_pos|6.80|1|Price Inc|35.146587|-80.021402
729-82-5843|3545872297023291|Jennifer|Shelton|F|1609 Jason Flat Apt. 341|Maxton|NC|28364|34.7334|-79.3097|14809|Sports development officer|1972-05-20|205125746682|adults_2550_female_urban.json|414d4656baee26fcd2f81a3c5e75a5ed|2021-01-08|22:31:02|1610145062|kids_pets|15.89|1|Moore Ltd|35.068568|-79.649129
729-82-5843|3545872297023291|Jennifer|Shelton|F|1609 Jason Flat Apt. 341|Maxton|NC|28364|34.7334|-79.3097|14809|Sports development officer|1972-05-20|205125746682|adults_2550_female_urban.json|541caeb9fb671a1655f067b9c6469eee|2021-01-24|17:37:33|1611509853|shopping_pos|28.52|0|Banks and Sons|33.742559|-79.752312
729-82-5843|3545872297023291|Jennifer|Shelton|F|1609 Jason Flat Apt. 341|Maxton|NC|28364|34.7334|-79.3097|14809|Sports development officer|1972-05-20|205125746682|adults_2550_female_urban.json|6221396073eb813fad6b580973545845|2021-01-20|21:37:56|1611178676|kids_pets|82.83|0|Gill LLC|35.106354|-78.785657
729-82-5843|3545872297023291|Jennifer|Shelton|F|1609 Jason Flat Apt. 341|Maxton|NC|28364|34.7334|-79.3097|14809|Sports development officer|1972-05-20|205125746682|adults_2550_female_urban.json|7db330ffd3a393e5ddefdeb4372f5044|2021-01-03|20:35:29|1609706129|health_fitness|25.99|0|Guzman PLC|35.527151|-79.412481
729-82-5843|3545872297023291|Jennifer|Shelton|F|1609 Jason Flat Apt. 341|Maxton|NC|28364|34.7334|-79.3097|14809|Sports development officer|1972-05-20|205125746682|adults_2550_female_urban.json|39c6e02e026d5c54618960b63909d0b4|2021-01-17|13:59:05|1610891945|personal_care|47.23|0|Maddox PLC|34.349076|-79.480776
729-82-5843|3545872297023291|Jennifer|Shelton|F|1609 Jason Flat Apt. 341|Maxton|NC|28364|34.7334|-79.3097|14809|Sports development officer|1972-05-20|205125746682|adults_2550_female_urban.json|5fe0917a7da10476cb228755fefdffef|2021-01-12|21:01:45|1610485305|shopping_pos|2.69|0|Davies-Mitchell|35.676144|-80.145871
729-82-5843|3545872297023291|Jennifer|Shelton|F|1609 Jason Flat Apt. 341|Maxton|NC|28364|34.7334|-79.3097|14809|Sports development officer|1972-05-20|205125746682|adults_2550_female_urban.json|40300872d2b7bf8370a0fd5b5e1dab56|2021-01-14|13:12:17|1610629937|shopping_net|3.81|0|Choi PLC|34.609554|-79.707940
729-82-5843|3545872297023291|Jennifer|Shelton|F|1609 Jason Flat Apt. 341|Maxton|NC|28364|34.7334|-79.3097|14809|Sports development officer|1972-05-20|205125746682|adults_2550_female_urban.json|fe73bb97adaa4156bb1d477e0d65ebb1|2021-01-10|10:01:40|1610272900|grocery_net|49.73|0|Zhang-Bell|35.621541|-78.618184
729-82-5843|3545872297023291|Jennifer|Shelton|F|1609 Jason Flat Apt. 341|Maxton|NC|28364|34.7334|-79.3097|14809|Sports development officer|1972-05-20|205125746682|adults_2550_female_urban.json|51ce5b81c864949b70543fe8d4f7ea1c|2021-01-27|18:47:37|1611773257|shopping_net|123.55|0|Chapman-Cole|35.091664|-79.644691
729-82-5843|3545872297023291|Jennifer|Shelton|F|1609 Jason Flat Apt. 341|Maxton|NC|28364|34.7334|-79.3097|14809|Sports development officer|1972-05-20|205125746682|adults_2550_female_urban.json|6b256c06c5de0b2cca8c159cab921ab5|2021-01-15|19:02:04|1610737324|food_dining|24.13|0|Stanton-Fernandez|35.613043|-79.614142
729-82-5843|3545872297023291|Jennifer|Shelton|F|1609 Jason Flat Apt. 341|Maxton|NC|28364|34.7334|-79.3097|14809|Sports development officer|1972-05-20|205125746682|adults_2550_female_urban.json|33f172f30149a0ab1b9f4804d1ff8eef|2021-02-01|14:59:44|1612191584|food_dining|27.07|0|Richardson-Carter|35.233675|-80.104403
729-82-5843|3545872297023291|Jennifer|Shelton|F|1609 Jason Flat Apt. 341|Maxton|NC|28364|34.7334|-79.3097|14809|Sports development officer|1972-05-20|205125746682|adults_2550_female_urban.json|e144541b16b246ee1d545686be674ff0|2021-01-22|15:25:02|1611329102|shopping_pos|10.96|0|Herring, Briggs and Matthews|33.901540|-80.143575
729-82-5843|3545872297023291|Jennifer|Shelton|F|1609 Jason Flat Apt. 341|Maxton|NC|28364|34.7334|-79.3097|14809|Sports development officer|1972-05-20|205125746682|adults_2550_female_urban.json|09e0c5032a3de4d251cd331267be7159|2021-01-22|08:51:25|1611305485|misc_pos|1.11|0|Macdonald, Harrison and Hernandez|35.632881|-79.052196
729-82-5843|3545872297023291|Jennifer|Shelton|F|1609 Jason Flat Apt. 341|Maxton|NC|28364|34.7334|-79.3097|14809|Sports development officer|1972-05-20|205125746682|adults_2550_female_urban.json|75a4a6661e1692c5a49b499a9a2e7304|2021-01-13|21:30:50|1610573450|shopping_pos|253.38|0|Brock, Mckenzie and Morris|35.445466|-79.131297
729-82-5843|3545872297023291|Jennifer|Shelton|F|1609 Jason Flat Apt. 341|Maxton|NC|28364|34.7334|-79.3097|14809|Sports development officer|1972-05-20|205125746682|adults_2550_female_urban.json|c4a8f42950279f2bbd261918fe961e60|2021-01-10|14:21:17|1610288477|shopping_net|9.62|0|Jones-Campbell|33.938122|-79.401419
729-82-5843|3545872297023291|Jennifer|Shelton|F|1609 Jason Flat Apt. 341|Maxton|NC|28364|34.7334|-79.3097|14809|Sports development officer|1972-05-20|205125746682|adults_2550_female_urban.json|a635f0504778fd37b36c1784b6d42181|2021-01-07|04:47:59|1609994879|grocery_pos|177.94|0|Lewis-Smith|35.658455|-80.174699
729-82-5843|3545872297023291|Jennifer|Shelton|F|1609 Jason Flat Apt. 341|Maxton|NC|28364|34.7334|-79.3097|14809|Sports development officer|1972-05-20|205125746682|adults_2550_female_urban.json|11baec842a4f0c37c2d2dcacc0c0b1cf|2021-01-22|22:14:07|1611353647|shopping_net|151.34|0|Atkinson Inc|34.990683|-79.592159
729-82-5843|3545872297023291|Jennifer|Shelton|F|1609 Jason Flat Apt. 341|Maxton|NC|28364|34.7334|-79.3097|14809|Sports development officer|1972-05-20|205125746682|adults_2550_female_urban.json|31eb3036c169393bf6a6e88e16b8ef7d|2021-01-21|13:57:31|1611237451|health_fitness|2.68|0|Williams, Walker and Baker|34.443616|-79.322002
729-82-5843|3545872297023291|Jennifer|Shelton|F|1609 Jason Flat Apt. 341|Maxton|NC|28364|34.7334|-79.3097|14809|Sports development officer|1972-05-20|205125746682|adults_2550_female_urban.json|d25dd61a56db1aefacf10fb8d62709fe|2021-01-30|19:20:39|1612034439|shopping_pos|136.59|0|Bailey, Allen and Miller|35.202731|-79.957963
729-82-5843|3545872297023291|Jennifer|Shelton|F|1609 Jason Flat Apt. 341|Maxton|NC|28364|34.7334|-79.3097|14809|Sports development officer|1972-05-20|205125746682|adults_2550_female_urban.json|878b7ed91b8d43b3668a73d055e3e965|2021-01-31|11:46:53|1612093613|misc_net|4.54|0|Osborne, Henry and Smith|34.964453|-78.885460
729-82-5843|3545872297023291|Jennifer|Shelton|F|1609 Jason Flat Apt. 341|Maxton|NC|28364|34.7334|-79.3097|14809|Sports development officer|1972-05-20|205125746682|adults_2550_female_urban.json|1b97d53754a45915784acbe8bd007678|2021-01-30|17:36:42|1612028202|home|74.70|0|Mendoza Group|34.043772|-80.139105
729-82-5843|3545872297023291|Jennifer|Shelton|F|1609 Jason Flat Apt. 341|Maxton|NC|28364|34.7334|-79.3097|14809|Sports development officer|1972-05-20|205125746682|adults_2550_female_urban.json|76d7006fdfa462f75a8fbdfa7d532bbc|2021-01-28|23:02:13|1611874933|shopping_net|238.44|0|Bryant LLC|34.681704|-79.474795
729-82-5843|3545872297023291|Jennifer|Shelton|F|1609 Jason Flat Apt. 341|Maxton|NC|28364|34.7334|-79.3097|14809|Sports development officer|1972-05-20|205125746682|adults_2550_female_urban.json|482e5aab4f8105e52c97fecfe275baa3|2021-01-07|18:47:59|1610045279|shopping_net|127.48|0|Nelson, Miranda and Santos|33.914628|-79.874579
729-82-5843|3545872297023291|Jennifer|Shelton|F|1609 Jason Flat Apt. 341|Maxton|NC|28364|34.7334|-79.3097|14809|Sports development officer|1972-05-20|205125746682|adults_2550_female_urban.json|1fff366c53d3435e3a0f68b2ecb18b72|2021-01-29|16:03:07|1611936187|personal_care|9.78|0|Robinson LLC|34.119319|-79.318834
729-82-5843|3545872297023291|Jennifer|Shelton|F|1609 Jason Flat Apt. 341|Maxton|NC|28364|34.7334|-79.3097|14809|Sports development officer|1972-05-20|205125746682|adults_2550_female_urban.json|0e48db6aab16accc80c87c34fa8c1f96|2021-01-18|04:59:49|1610945989|grocery_pos|193.75|0|Walton LLC|34.481391|-78.763078
729-82-5843|3545872297023291|Jennifer|Shelton|F|1609 Jason Flat Apt. 341|Maxton|NC|28364|34.7334|-79.3097|14809|Sports development officer|1972-05-20|205125746682|adults_2550_female_urban.json|08d6f0e69a6f42ff73e3bc8f6043d0fa|2021-01-05|14:18:07|1609856287|shopping_pos|815.90|0|Wade-Haynes|33.836965|-79.780897
729-82-5843|3545872297023291|Jennifer|Shelton|F|1609 Jason Flat Apt. 341|Maxton|NC|28364|34.7334|-79.3097|14809|Sports development officer|1972-05-20|205125746682|adults_2550_female_urban.json|3acd3c641ebef89a417bd9cb2b908a4d|2021-01-15|16:02:00|1610726520|personal_care|43.25|0|Brown, Edwards and Sawyer|33.833505|-79.181823
729-82-5843|3545872297023291|Jennifer|Shelton|F|1609 Jason Flat Apt. 341|Maxton|NC|28364|34.7334|-79.3097|14809|Sports development officer|1972-05-20|205125746682|adults_2550_female_urban.json|f0bba360b4684741f6d0a4733067bd13|2021-01-25|19:47:47|1611604067|shopping_net|39.35|0|Rivera, Warren and Shah|35.419631|-79.834117
729-82-5843|3545872297023291|Jennifer|Shelton|F|1609 Jason Flat Apt. 341|Maxton|NC|28364|34.7334|-79.3097|14809|Sports development officer|1972-05-20|205125746682|adults_2550_female_urban.json|331b6ec44999af186646628edb7f7ff4|2021-01-16|18:18:15|1610821095|food_dining|90.52|0|Hicks-Farmer|34.394552|-79.743514
729-82-5843|3545872297023291|Jennifer|Shelton|F|1609 Jason Flat Apt. 341|Maxton|NC|28364|34.7334|-79.3097|14809|Sports development officer|1972-05-20|205125746682|adults_2550_female_urban.json|148fdce1d085185f6ab442a906f01fdc|2021-01-30|04:50:27|1611982227|grocery_pos|192.68|0|Wilson LLC|35.302192|-79.268000
729-82-5843|3545872297023291|Jennifer|Shelton|F|1609 Jason Flat Apt. 341|Maxton|NC|28364|34.7334|-79.3097|14809|Sports development officer|1972-05-20|205125746682|adults_2550_female_urban.json|06a4671621fa07e19ae2a192c53de747|2021-01-20|05:33:35|1611120815|grocery_pos|197.83|0|Adams and Sons|34.720801|-78.381819
729-82-5843|3545872297023291|Jennifer|Shelton|F|1609 Jason Flat Apt. 341|Maxton|NC|28364|34.7334|-79.3097|14809|Sports development officer|1972-05-20|205125746682|adults_2550_female_urban.json|83c5cbd51bea4bbfccaf765798fb775d|2021-01-23|22:51:29|1611442289|shopping_net|17.37|0|Padilla, Davis and Savage|34.559649|-78.381994
729-82-5843|3545872297023291|Jennifer|Shelton|F|1609 Jason Flat Apt. 341|Maxton|NC|28364|34.7334|-79.3097|14809|Sports development officer|1972-05-20|205125746682|adults_2550_female_urban.json|b4d148c939ff8e14273483c07d46ac0d|2021-01-12|13:50:52|1610459452|entertainment|143.64|0|Rodriguez, Marshall and Scott|34.102262|-79.957715
729-82-5843|3545872297023291|Jennifer|Shelton|F|1609 Jason Flat Apt. 341|Maxton|NC|28364|34.7334|-79.3097|14809|Sports development officer|1972-05-20|205125746682|adults_2550_female_urban.json|fdff78800ca2153a6881188b67e1dfe8|2021-01-15|20:18:25|1610741905|shopping_net|163.94|0|Tran and Sons|34.147361|-79.770510
729-82-5843|3545872297023291|Jennifer|Shelton|F|1609 Jason Flat Apt. 341|Maxton|NC|28364|34.7334|-79.3097|14809|Sports development officer|1972-05-20|205125746682|adults_2550_female_urban.json|8127c4aa226646effd4f24b48270acc2|2021-02-02|12:27:28|1612268848|health_fitness|19.45|0|Jackson PLC|34.872126|-79.896669
729-82-5843|3545872297023291|Jennifer|Shelton|F|1609 Jason Flat Apt. 341|Maxton|NC|28364|34.7334|-79.3097|14809|Sports development officer|1972-05-20|205125746682|adults_2550_female_urban.json|d5c554307841eaf5ff7847d21b4cdbfb|2021-01-22|16:54:50|1611334490|personal_care|155.50|0|Estrada and Sons|33.768472|-80.132646
729-82-5843|3545872297023291|Jennifer|Shelton|F|1609 Jason Flat Apt. 341|Maxton|NC|28364|34.7334|-79.3097|14809|Sports development officer|1972-05-20|205125746682|adults_2550_female_urban.json|4784a1838545bca89d40c1ba99a4e0c9|2021-01-31|18:24:33|1612117473|personal_care|33.29|0|Zamora LLC|34.396943|-78.965590
729-82-5843|3545872297023291|Jennifer|Shelton|F|1609 Jason Flat Apt. 341|Maxton|NC|28364|34.7334|-79.3097|14809|Sports development officer|1972-05-20|205125746682|adults_2550_female_urban.json|3db9745d531c640db7b4a9ebdb62749a|2021-01-18|12:56:55|1610974615|personal_care|67.83|0|Hall, White and Hernandez|35.253520|-78.475573
729-82-5843|3545872297023291|Jennifer|Shelton|F|1609 Jason Flat Apt. 341|Maxton|NC|28364|34.7334|-79.3097|14809|Sports development officer|1972-05-20|205125746682|adults_2550_female_urban.json|d22fbec6aba04416ec744af965e19647|2021-01-03|23:00:05|1609714805|entertainment|109.79|0|Mendez-Koch|35.408440|-79.482138
729-82-5843|3545872297023291|Jennifer|Shelton|F|1609 Jason Flat Apt. 341|Maxton|NC|28364|34.7334|-79.3097|14809|Sports development officer|1972-05-20|205125746682|adults_2550_female_urban.json|773f39be5994a60c7421ead7fe55817e|2021-01-10|22:29:11|1610317751|shopping_pos|18.62|0|Newton-Wilkins|34.827680|-78.317344
729-82-5843|3545872297023291|Jennifer|Shelton|F|1609 Jason Flat Apt. 341|Maxton|NC|28364|34.7334|-79.3097|14809|Sports development officer|1972-05-20|205125746682|adults_2550_female_urban.json|395c6cde735b7b284318f1bd9da4bd09|2021-01-24|17:41:57|1611510117|health_fitness|47.56|0|Smith Inc|33.801206|-80.116729
729-82-5843|3545872297023291|Jennifer|Shelton|F|1609 Jason Flat Apt. 341|Maxton|NC|28364|34.7334|-79.3097|14809|Sports development officer|1972-05-20|205125746682|adults_2550_female_urban.json|687318877ae9abbd4998afe3aa623cda|2021-01-29|01:47:40|1611884860|grocery_pos|202.18|0|Franklin Ltd|35.194881|-79.042653
729-82-5843|3545872297023291|Jennifer|Shelton|F|1609 Jason Flat Apt. 341|Maxton|NC|28364|34.7334|-79.3097|14809|Sports development officer|1972-05-20|205125746682|adults_2550_female_urban.json|63564eed3b84ad21d2b8596bdc5d6983|2021-01-02|17:16:01|1609607761|home|104.68|0|Steele, Morales and Sanchez|35.244991|-79.633111
729-82-5843|3545872297023291|Jennifer|Shelton|F|1609 Jason Flat Apt. 341|Maxton|NC|28364|34.7334|-79.3097|14809|Sports development officer|1972-05-20|205125746682|adults_2550_female_urban.json|6c010bd1a8b8e01cde54052701de67ab|2021-01-30|03:34:32|1611977672|misc_net|1.33|0|Lane, Stone and Parker|34.924722|-78.844951
729-82-5843|3545872297023291|Jennifer|Shelton|F|1609 Jason Flat Apt. 341|Maxton|NC|28364|34.7334|-79.3097|14809|Sports development officer|1972-05-20|205125746682|adults_2550_female_urban.json|909e437e6b635bf2afb48dbf6f74d285|2021-01-29|10:57:04|1611917824|misc_pos|3.08|0|Aguirre-Reeves|35.466367|-79.833824
729-82-5843|3545872297023291|Jennifer|Shelton|F|1609 Jason Flat Apt. 341|Maxton|NC|28364|34.7334|-79.3097|14809|Sports development officer|1972-05-20|205125746682|adults_2550_female_urban.json|717055894308666bf386d579a6da0b33|2021-01-03|04:59:53|1609649993|grocery_pos|183.24|0|Miles, Zavala and Hernandez|34.863316|-80.254603
729-82-5843|3545872297023291|Jennifer|Shelton|F|1609 Jason Flat Apt. 341|Maxton|NC|28364|34.7334|-79.3097|14809|Sports development officer|1972-05-20|205125746682|adults_2550_female_urban.json|1770b6dab94a921acf7013620cacbd04|2021-01-22|14:27:04|1611325624|kids_pets|12.99|0|Walsh, Watson and Meyers|34.831975|-80.118136
729-82-5843|3545872297023291|Jennifer|Shelton|F|1609 Jason Flat Apt. 341|Maxton|NC|28364|34.7334|-79.3097|14809|Sports development officer|1972-05-20|205125746682|adults_2550_female_urban.json|83d3de6fa62e61fbf82634875a376c65|2021-01-30|18:14:04|1612030444|health_fitness|95.97|0|Cruz-Lopez|34.206451|-79.557043
729-82-5843|3545872297023291|Jennifer|Shelton|F|1609 Jason Flat Apt. 341|Maxton|NC|28364|34.7334|-79.3097|14809|Sports development officer|1972-05-20|205125746682|adults_2550_female_urban.json|4aeb781c58322906e2fe05ddb82616e2|2021-01-11|10:27:25|1610360845|misc_pos|64.40|0|Richards-Salazar|34.067891|-78.969926
729-82-5843|3545872297023291|Jennifer|Shelton|F|1609 Jason Flat Apt. 341|Maxton|NC|28364|34.7334|-79.3097|14809|Sports development officer|1972-05-20|205125746682|adults_2550_female_urban.json|927f420f72bd610e9192448dd8676c21|2021-01-26|23:57:20|1611705440|food_dining|66.89|0|Castillo-Osborne|35.048590|-79.763945
729-82-5843|3545872297023291|Jennifer|Shelton|F|1609 Jason Flat Apt. 341|Maxton|NC|28364|34.7334|-79.3097|14809|Sports development officer|1972-05-20|205125746682|adults_2550_female_urban.json|edd23a9b6d6fe0b75f5eac6d33ed5d07|2021-01-25|21:31:12|1611610272|shopping_net|16.91|0|Heath, Williams and Peterson|35.353511|-78.310722
729-82-5843|3545872297023291|Jennifer|Shelton|F|1609 Jason Flat Apt. 341|Maxton|NC|28364|34.7334|-79.3097|14809|Sports development officer|1972-05-20|205125746682|adults_2550_female_urban.json|827e63bdd63ad4baea474bf2161f160d|2021-01-30|06:15:07|1611987307|gas_transport|91.84|0|Johnson, Barr and Myers|34.194482|-79.755985
729-82-5843|3545872297023291|Jennifer|Shelton|F|1609 Jason Flat Apt. 341|Maxton|NC|28364|34.7334|-79.3097|14809|Sports development officer|1972-05-20|205125746682|adults_2550_female_urban.json|9f00bc60f92fe46a0c153bc47136d8fa|2021-01-31|17:56:55|1612115815|kids_pets|6.33|0|Zavala, Simmons and Miller|34.120985|-79.980270
729-82-5843|3545872297023291|Jennifer|Shelton|F|1609 Jason Flat Apt. 341|Maxton|NC|28364|34.7334|-79.3097|14809|Sports development officer|1972-05-20|205125746682|adults_2550_female_urban.json|05cdd2440bf07e68046f2fc1d4d78b2a|2021-01-21|22:36:04|1611268564|health_fitness|9.38|0|Duncan-Gonzalez|34.272093|-79.285257
729-82-5843|3545872297023291|Jennifer|Shelton|F|1609 Jason Flat Apt. 341|Maxton|NC|28364|34.7334|-79.3097|14809|Sports development officer|1972-05-20|205125746682|adults_2550_female_urban.json|005db98112b074c6709a05a78fd8d8aa|2021-01-31|23:33:50|1612136030|home|91.14|0|Thomas-Robinson|34.530409|-80.215566
729-82-5843|3545872297023291|Jennifer|Shelton|F|1609 Jason Flat Apt. 341|Maxton|NC|28364|34.7334|-79.3097|14809|Sports development officer|1972-05-20|205125746682|adults_2550_female_urban.json|fbb3c2330ede0a23b600560ae08030a3|2021-01-16|21:28:38|1610832518|shopping_pos|5.09|0|Ford, Soto and Heath|34.425410|-79.594997
729-82-5843|3545872297023291|Jennifer|Shelton|F|1609 Jason Flat Apt. 341|Maxton|NC|28364|34.7334|-79.3097|14809|Sports development officer|1972-05-20|205125746682|adults_2550_female_urban.json|3cf52e144b2fe5342d22ff022dafbaab|2021-01-22|15:48:07|1611330487|personal_care|38.34|0|Dominguez PLC|33.964353|-78.959718
729-82-5843|3545872297023291|Jennifer|Shelton|F|1609 Jason Flat Apt. 341|Maxton|NC|28364|34.7334|-79.3097|14809|Sports development officer|1972-05-20|205125746682|adults_2550_female_urban.json|ee5b8f965c8ea691343fbbdf2e1164ab|2021-01-29|23:22:05|1611962525|kids_pets|79.30|0|Graham, Crawford and Navarro|35.661484|-80.142289
729-82-5843|3545872297023291|Jennifer|Shelton|F|1609 Jason Flat Apt. 341|Maxton|NC|28364|34.7334|-79.3097|14809|Sports development officer|1972-05-20|205125746682|adults_2550_female_urban.json|8f07b20849fb55b37d9928380829d810|2021-01-30|16:17:23|1612023443|home|130.77|0|Singh-Miller|33.808994|-78.552887
729-82-5843|3545872297023291|Jennifer|Shelton|F|1609 Jason Flat Apt. 341|Maxton|NC|28364|34.7334|-79.3097|14809|Sports development officer|1972-05-20|205125746682|adults_2550_female_urban.json|69772ccde86a04d22086991fd99df33e|2021-01-16|23:16:40|1610839000|personal_care|75.99|0|Bentley-Serrano|35.599079|-79.238344
729-82-5843|3545872297023291|Jennifer|Shelton|F|1609 Jason Flat Apt. 341|Maxton|NC|28364|34.7334|-79.3097|14809|Sports development officer|1972-05-20|205125746682|adults_2550_female_urban.json|134051748e10533c0a8b58dcc77e1e97|2021-01-23|15:16:04|1611414964|shopping_pos|2.33|0|Jones PLC|35.670148|-80.108376
729-82-5843|3545872297023291|Jennifer|Shelton|F|1609 Jason Flat Apt. 341|Maxton|NC|28364|34.7334|-79.3097|14809|Sports development officer|1972-05-20|205125746682|adults_2550_female_urban.json|b814b9ab3825cc4d6dfb38da71d24a96|2021-01-13|07:29:20|1610522960|misc_net|64.59|0|Brooks and Sons|35.163254|-79.462031
729-82-5843|3545872297023291|Jennifer|Shelton|F|1609 Jason Flat Apt. 341|Maxton|NC|28364|34.7334|-79.3097|14809|Sports development officer|1972-05-20|205125746682|adults_2550_female_urban.json|9d8b95cc46add990e32def00ffad53e3|2021-01-13|01:44:53|1610502293|grocery_net|62.82|0|Benson-Warner|35.723783|-79.842001
729-82-5843|3545872297023291|Jennifer|Shelton|F|1609 Jason Flat Apt. 341|Maxton|NC|28364|34.7334|-79.3097|14809|Sports development officer|1972-05-20|205125746682|adults_2550_female_urban.json|6110612b9bc0657fbb4d2399874fb099|2021-01-30|19:19:17|1612034357|entertainment|130.63|0|Brooks, Smith and Tyler|33.852224|-78.398085
729-82-5843|3545872297023291|Jennifer|Shelton|F|1609 Jason Flat Apt. 341|Maxton|NC|28364|34.7334|-79.3097|14809|Sports development officer|1972-05-20|205125746682|adults_2550_female_urban.json|d7ec3d249f3dc665a035180deb17d3c8|2021-01-20|09:37:28|1611135448|misc_pos|63.06|0|Gallegos LLC|35.097943|-80.134082
729-82-5843|3545872297023291|Jennifer|Shelton|F|1609 Jason Flat Apt. 341|Maxton|NC|28364|34.7334|-79.3097|14809|Sports development officer|1972-05-20|205125746682|adults_2550_female_urban.json|4559abafb9295d3378a5229117836757|2021-01-15|20:42:01|1610743321|shopping_net|1.90|0|Torres-Kim|34.984721|-80.141102
729-82-5843|3545872297023291|Jennifer|Shelton|F|1609 Jason Flat Apt. 341|Maxton|NC|28364|34.7334|-79.3097|14809|Sports development officer|1972-05-20|205125746682|adults_2550_female_urban.json|780bda9a6fead21bf4bec03fa3d334d1|2021-01-26|20:38:16|1611693496|kids_pets|68.86|0|Thompson, Martinez and Mckenzie|34.856508|-80.055384
729-82-5843|3545872297023291|Jennifer|Shelton|F|1609 Jason Flat Apt. 341|Maxton|NC|28364|34.7334|-79.3097|14809|Sports development officer|1972-05-20|205125746682|adults_2550_female_urban.json|8a3c99ac01583615a24c27b140877d60|2021-01-10|17:57:04|1610301424|kids_pets|123.13|0|Bruce-Carpenter|34.192936|-79.397516
729-82-5843|3545872297023291|Jennifer|Shelton|F|1609 Jason Flat Apt. 341|Maxton|NC|28364|34.7334|-79.3097|14809|Sports development officer|1972-05-20|205125746682|adults_2550_female_urban.json|012751b2aa05c678c1c993a3e2711308|2021-01-21|06:23:53|1611210233|grocery_net|58.65|0|Wagner, Martinez and Pope|35.139704|-79.194876
729-82-5843|3545872297023291|Jennifer|Shelton|F|1609 Jason Flat Apt. 341|Maxton|NC|28364|34.7334|-79.3097|14809|Sports development officer|1972-05-20|205125746682|adults_2550_female_urban.json|4f2e77da2c0a9f23e285add04c2ca834|2021-01-22|23:38:23|1611358703|shopping_net|18.52|0|Hobbs, Kennedy and Rice|33.798940|-79.938953
729-82-5843|3545872297023291|Jennifer|Shelton|F|1609 Jason Flat Apt. 341|Maxton|NC|28364|34.7334|-79.3097|14809|Sports development officer|1972-05-20|205125746682|adults_2550_female_urban.json|1835b96ba2ffb8deadfa30c1e2552a08|2021-01-03|01:26:26|1609637186|gas_transport|68.43|0|Murphy, Suarez and Patel|35.433908|-78.779134
729-82-5843|3545872297023291|Jennifer|Shelton|F|1609 Jason Flat Apt. 341|Maxton|NC|28364|34.7334|-79.3097|14809|Sports development officer|1972-05-20|205125746682|adults_2550_female_urban.json|654bd3bb350d05686b14627dab3d1530|2021-01-05|13:40:32|1609854032|shopping_pos|2.06|0|Robinson, Long and Solis|35.425821|-78.799265
729-82-5843|3545872297023291|Jennifer|Shelton|F|1609 Jason Flat Apt. 341|Maxton|NC|28364|34.7334|-79.3097|14809|Sports development officer|1972-05-20|205125746682|adults_2550_female_urban.json|d9b5ba80664e42ba34ea37063395e9b9|2021-01-28|15:07:09|1611846429|shopping_net|8.77|0|Vasquez, Melendez and Ford|34.851849|-78.842458
729-82-5843|3545872297023291|Jennifer|Shelton|F|1609 Jason Flat Apt. 341|Maxton|NC|28364|34.7334|-79.3097|14809|Sports development officer|1972-05-20|205125746682|adults_2550_female_urban.json|46e47b1b6a76b0bd0848d332f2b2d0fa|2021-01-01|03:28:30|1609471710|grocery_net|126.64|0|Thomas, Long and Hamilton|33.941676|-79.908869
729-82-5843|3545872297023291|Jennifer|Shelton|F|1609 Jason Flat Apt. 341|Maxton|NC|28364|34.7334|-79.3097|14809|Sports development officer|1972-05-20|205125746682|adults_2550_female_urban.json|48e192198c8d0112a0319c7785936ee7|2021-01-23|22:00:45|1611439245|shopping_net|294.96|0|Gonzalez PLC|34.864984|-80.094180
729-82-5843|3545872297023291|Jennifer|Shelton|F|1609 Jason Flat Apt. 341|Maxton|NC|28364|34.7334|-79.3097|14809|Sports development officer|1972-05-20|205125746682|adults_2550_female_urban.json|e0ee402b81e063ba36b642b6d29fbee9|2021-01-03|23:08:37|1609715317|kids_pets|88.70|0|Williams-Watson|35.494862|-79.766348
729-82-5843|3545872297023291|Jennifer|Shelton|F|1609 Jason Flat Apt. 341|Maxton|NC|28364|34.7334|-79.3097|14809|Sports development officer|1972-05-20|205125746682|adults_2550_female_urban.json|346cab1fcc66039306895cb46cbf4a2e|2021-01-15|23:30:29|1610753429|shopping_pos|1.90|0|Nelson, Terry and Robbins|34.033612|-80.200444
729-82-5843|3545872297023291|Jennifer|Shelton|F|1609 Jason Flat Apt. 341|Maxton|NC|28364|34.7334|-79.3097|14809|Sports development officer|1972-05-20|205125746682|adults_2550_female_urban.json|6ee17f1580b8e8abcdd87da2ad5b3db9|2021-01-01|19:59:17|1609531157|personal_care|22.29|0|Gray LLC|35.497833|-79.100319
729-82-5843|3545872297023291|Jennifer|Shelton|F|1609 Jason Flat Apt. 341|Maxton|NC|28364|34.7334|-79.3097|14809|Sports development officer|1972-05-20|205125746682|adults_2550_female_urban.json|50a5bf2f0a08c0e0d9e89ac2b9cc862b|2021-01-28|20:31:34|1611865894|shopping_net|131.04|0|Day, Alexander and Clark|34.788854|-78.798886
729-82-5843|3545872297023291|Jennifer|Shelton|F|1609 Jason Flat Apt. 341|Maxton|NC|28364|34.7334|-79.3097|14809|Sports development officer|1972-05-20|205125746682|adults_2550_female_urban.json|ca2401a9aee71c57702e3e1c4ded27ee|2021-01-27|04:17:51|1611721071|gas_transport|85.08|0|Sims and Sons|34.027252|-78.908930
729-82-5843|3545872297023291|Jennifer|Shelton|F|1609 Jason Flat Apt. 341|Maxton|NC|28364|34.7334|-79.3097|14809|Sports development officer|1972-05-20|205125746682|adults_2550_female_urban.json|312ea9626aa6be3b7e8ab74f56565057|2021-01-13|14:55:03|1610549703|shopping_pos|344.67|0|Henry-Snyder|34.461925|-79.253380
729-82-5843|3545872297023291|Jennifer|Shelton|F|1609 Jason Flat Apt. 341|Maxton|NC|28364|34.7334|-79.3097|14809|Sports development officer|1972-05-20|205125746682|adults_2550_female_urban.json|f838ae45f680aea999bfdf76ab05dc28|2021-01-14|12:44:57|1610628297|shopping_net|1.97|0|Sanchez PLC|35.076686|-80.217322
729-82-5843|3545872297023291|Jennifer|Shelton|F|1609 Jason Flat Apt. 341|Maxton|NC|28364|34.7334|-79.3097|14809|Sports development officer|1972-05-20|205125746682|adults_2550_female_urban.json|8bdab13a650ecb79bddd5898a8518316|2021-01-16|00:03:41|1610755421|grocery_pos|175.49|0|Reyes, James and Barber|34.482197|-79.786367
729-82-5843|3545872297023291|Jennifer|Shelton|F|1609 Jason Flat Apt. 341|Maxton|NC|28364|34.7334|-79.3097|14809|Sports development officer|1972-05-20|205125746682|adults_2550_female_urban.json|edb181859734fddaebd683a7b967219f|2021-01-16|17:13:43|1610817223|shopping_net|25.48|0|Baker Group|35.532562|-78.480812
729-82-5843|3545872297023291|Jennifer|Shelton|F|1609 Jason Flat Apt. 341|Maxton|NC|28364|34.7334|-79.3097|14809|Sports development officer|1972-05-20|205125746682|adults_2550_female_urban.json|d901fc106bf05cd5e5f7522484d22dbc|2021-01-15|19:21:19|1610738479|kids_pets|116.93|0|Clay and Sons|35.590031|-78.532639
729-82-5843|3545872297023291|Jennifer|Shelton|F|1609 Jason Flat Apt. 341|Maxton|NC|28364|34.7334|-79.3097|14809|Sports development officer|1972-05-20|205125746682|adults_2550_female_urban.json|8422b3aa386d02d257d7377b396430d6|2021-01-29|17:32:18|1611941538|home|60.80|0|Johnson LLC|35.079027|-79.242205
729-82-5843|3545872297023291|Jennifer|Shelton|F|1609 Jason Flat Apt. 341|Maxton|NC|28364|34.7334|-79.3097|14809|Sports development officer|1972-05-20|205125746682|adults_2550_female_urban.json|3b896972b2b4368b325bbe50e18e7d03|2021-01-23|12:11:06|1611403866|kids_pets|2.01|0|Brown LLC|33.825472|-78.804053
729-82-5843|3545872297023291|Jennifer|Shelton|F|1609 Jason Flat Apt. 341|Maxton|NC|28364|34.7334|-79.3097|14809|Sports development officer|1972-05-20|205125746682|adults_2550_female_urban.json|93e1e5c9e2be3aae47d74f55b6d8def7|2021-01-22|23:49:36|1611359376|kids_pets|47.48|0|Miller Ltd|33.922898|-78.568481
729-82-5843|3545872297023291|Jennifer|Shelton|F|1609 Jason Flat Apt. 341|Maxton|NC|28364|34.7334|-79.3097|14809|Sports development officer|1972-05-20|205125746682|adults_2550_female_urban.json|2be1b2cc19972ea918d585df178b1f8c|2021-01-11|13:43:45|1610372625|shopping_pos|4.35|0|Li-Porter|34.587595|-80.303475
729-82-5843|3545872297023291|Jennifer|Shelton|F|1609 Jason Flat Apt. 341|Maxton|NC|28364|34.7334|-79.3097|14809|Sports development officer|1972-05-20|205125746682|adults_2550_female_urban.json|19ab80d50045316bddb132f37b5b1f76|2021-01-29|00:53:58|1611881638|misc_pos|75.08|0|Sanders Group|35.207121|-80.240316
729-82-5843|3545872297023291|Jennifer|Shelton|F|1609 Jason Flat Apt. 341|Maxton|NC|28364|34.7334|-79.3097|14809|Sports development officer|1972-05-20|205125746682|adults_2550_female_urban.json|95a54228906d3b2fe8c612e832f5cec3|2021-01-20|11:55:05|1611143705|misc_net|72.54|0|Douglas, Williams and Coleman|33.760251|-78.530320
264-82-8466|501851214178|Kelli|Nicholson|F|68236 Lambert Manors|Monrovia|MD|21770|39.3512|-77.2494|5164|Education officer, museum|1990-09-02|650387977076|adults_2550_female_urban.json|94924b84fd524071e359035e6d3c85c1|2021-01-18|22:41:48|1611009708|kids_pets|23.00|1|Watson and Sons|38.730423|-77.588221
264-82-8466|501851214178|Kelli|Nicholson|F|68236 Lambert Manors|Monrovia|MD|21770|39.3512|-77.2494|5164|Education officer, museum|1990-09-02|650387977076|adults_2550_female_urban.json|39e6390a7bab04f957127eb309026510|2021-01-18|02:06:32|1610935592|entertainment|504.19|1|Diaz-Carroll|39.781026|-76.447234
264-82-8466|501851214178|Kelli|Nicholson|F|68236 Lambert Manors|Monrovia|MD|21770|39.3512|-77.2494|5164|Education officer, museum|1990-09-02|650387977076|adults_2550_female_urban.json|bb5e717b78f6d3fc6741be07f3d1d307|2021-01-17|22:57:57|1610924277|personal_care|18.46|1|Ruiz, Dawson and Thomas|39.524820|-76.939522
264-82-8466|501851214178|Kelli|Nicholson|F|68236 Lambert Manors|Monrovia|MD|21770|39.3512|-77.2494|5164|Education officer, museum|1990-09-02|650387977076|adults_2550_female_urban.json|b361d85213154db2f3dc03520d7c0faa|2021-01-18|01:36:33|1610933793|shopping_net|1054.99|1|Morgan, Cunningham and Mckee|39.501879|-77.918114
264-82-8466|501851214178|Kelli|Nicholson|F|68236 Lambert Manors|Monrovia|MD|21770|39.3512|-77.2494|5164|Education officer, museum|1990-09-02|650387977076|adults_2550_female_urban.json|ace0ce7e87d1060adfa4967478c087d4|2021-01-18|23:28:48|1611012528|kids_pets|20.53|1|Vaughan and Sons|39.086617|-77.935550
264-82-8466|501851214178|Kelli|Nicholson|F|68236 Lambert Manors|Monrovia|MD|21770|39.3512|-77.2494|5164|Education officer, museum|1990-09-02|650387977076|adults_2550_female_urban.json|408d25469fd12c26709b1d0e64a3180f|2021-01-17|01:09:53|1610845793|misc_net|756.25|1|Moses-Collins|38.519948|-77.128915
264-82-8466|501851214178|Kelli|Nicholson|F|68236 Lambert Manors|Monrovia|MD|21770|39.3512|-77.2494|5164|Education officer, museum|1990-09-02|650387977076|adults_2550_female_urban.json|9a088234eb7ab8f35d56ea19aa61cc76|2021-01-17|03:50:04|1610855404|misc_pos|6.49|1|King Ltd|39.607089|-76.974465
264-82-8466|501851214178|Kelli|Nicholson|F|68236 Lambert Manors|Monrovia|MD|21770|39.3512|-77.2494|5164|Education officer, museum|1990-09-02|650387977076|adults_2550_female_urban.json|db4da7645ddb58f80177b975619b5fd2|2021-01-17|23:12:57|1610925177|health_fitness|22.33|1|Douglas, Daniels and Woods|39.880200|-77.601934
264-82-8466|501851214178|Kelli|Nicholson|F|68236 Lambert Manors|Monrovia|MD|21770|39.3512|-77.2494|5164|Education officer, museum|1990-09-02|650387977076|adults_2550_female_urban.json|9a1f30a71740224bf28409c5b5b0d9eb|2021-01-17|03:11:38|1610853098|grocery_pos|366.75|1|Butler, Molina and Burnett|40.316792|-77.296468
264-82-8466|501851214178|Kelli|Nicholson|F|68236 Lambert Manors|Monrovia|MD|21770|39.3512|-77.2494|5164|Education officer, museum|1990-09-02|650387977076|adults_2550_female_urban.json|acb5f6fe583c43c6769873a88e4a53f0|2021-01-18|02:46:30|1610937990|misc_pos|7.80|1|Gomez Ltd|39.471173|-77.063918
264-82-8466|501851214178|Kelli|Nicholson|F|68236 Lambert Manors|Monrovia|MD|21770|39.3512|-77.2494|5164|Education officer, museum|1990-09-02|650387977076|adults_2550_female_urban.json|e7c7c27358d2b83f60de88bfbd1f3009|2021-01-17|01:44:07|1610847847|misc_pos|8.52|1|Delgado-Gray|39.480011|-76.779121
264-82-8466|501851214178|Kelli|Nicholson|F|68236 Lambert Manors|Monrovia|MD|21770|39.3512|-77.2494|5164|Education officer, museum|1990-09-02|650387977076|adults_2550_female_urban.json|cc0098f30950cf3f23c23cc437dfeb97|2021-01-17|00:20:01|1610842801|entertainment|530.70|1|Figueroa LLC|39.645059|-77.146327
264-82-8466|501851214178|Kelli|Nicholson|F|68236 Lambert Manors|Monrovia|MD|21770|39.3512|-77.2494|5164|Education officer, museum|1990-09-02|650387977076|adults_2550_female_urban.json|6ca8a63bb2463420fac89064bf717adb|2021-01-17|02:56:45|1610852205|shopping_pos|875.45|1|Howe-Young|40.301989|-77.782270
264-82-8466|501851214178|Kelli|Nicholson|F|68236 Lambert Manors|Monrovia|MD|21770|39.3512|-77.2494|5164|Education officer, museum|1990-09-02|650387977076|adults_2550_female_urban.json|c7df77ffd9231c7bcb75bc27d1fa48fd|2021-01-17|01:01:42|1610845302|misc_pos|7.22|1|Cross-Daniels|38.644556|-77.239818
264-82-8466|501851214178|Kelli|Nicholson|F|68236 Lambert Manors|Monrovia|MD|21770|39.3512|-77.2494|5164|Education officer, museum|1990-09-02|650387977076|adults_2550_female_urban.json|2276c1d70a1a07cc49bb6b06db4ee2d2|2021-01-17|11:01:41|1610881301|entertainment|475.47|1|Velasquez-Vincent|39.144925|-77.107838
264-82-8466|501851214178|Kelli|Nicholson|F|68236 Lambert Manors|Monrovia|MD|21770|39.3512|-77.2494|5164|Education officer, museum|1990-09-02|650387977076|adults_2550_female_urban.json|323660f8e3ae4227dc0664bf968ac906|2021-01-30|12:40:27|1612010427|home|28.96|0|Rojas Group|38.764768|-78.062614
264-82-8466|501851214178|Kelli|Nicholson|F|68236 Lambert Manors|Monrovia|MD|21770|39.3512|-77.2494|5164|Education officer, museum|1990-09-02|650387977076|adults_2550_female_urban.json|91bea667c8fdbb159468af2c75bdd5f3|2021-01-31|18:08:50|1612116530|home|25.79|0|Lang, Brooks and Dunlap|39.588501|-76.877194
264-82-8466|501851214178|Kelli|Nicholson|F|68236 Lambert Manors|Monrovia|MD|21770|39.3512|-77.2494|5164|Education officer, museum|1990-09-02|650387977076|adults_2550_female_urban.json|f9939c4d6fd8d027f3c2a0077df2f857|2021-01-29|16:52:08|1611939128|shopping_net|6.03|0|Mayer Inc|40.326529|-76.316256
264-82-8466|501851214178|Kelli|Nicholson|F|68236 Lambert Manors|Monrovia|MD|21770|39.3512|-77.2494|5164|Education officer, museum|1990-09-02|650387977076|adults_2550_female_urban.json|5901ff2171d677027b62b54c05a37fe2|2021-01-07|17:44:43|1610041483|kids_pets|56.65|0|Bryan, Jones and Miller|38.687309|-77.335068
264-82-8466|501851214178|Kelli|Nicholson|F|68236 Lambert Manors|Monrovia|MD|21770|39.3512|-77.2494|5164|Education officer, museum|1990-09-02|650387977076|adults_2550_female_urban.json|9bce86baf5b780aa4168f28e02a729d0|2021-01-26|12:34:52|1611664492|personal_care|70.27|0|Davis, Davis and Lewis|39.836091|-77.377435
264-82-8466|501851214178|Kelli|Nicholson|F|68236 Lambert Manors|Monrovia|MD|21770|39.3512|-77.2494|5164|Education officer, museum|1990-09-02|650387977076|adults_2550_female_urban.json|cf8fc087d88dd89d9eea2138ac187327|2021-01-14|16:52:14|1610643134|shopping_pos|5.18|0|Lewis, Ward and Beard|39.180431|-78.215876
264-82-8466|501851214178|Kelli|Nicholson|F|68236 Lambert Manors|Monrovia|MD|21770|39.3512|-77.2494|5164|Education officer, museum|1990-09-02|650387977076|adults_2550_female_urban.json|41741ca8e9f7bb2875867985f1cf8923|2021-01-12|23:51:04|1610495464|entertainment|124.23|0|Taylor-Lee|39.123918|-78.001074
264-82-8466|501851214178|Kelli|Nicholson|F|68236 Lambert Manors|Monrovia|MD|21770|39.3512|-77.2494|5164|Education officer, museum|1990-09-02|650387977076|adults_2550_female_urban.json|8b80d0fa8f114b2948f42ab048173b35|2021-01-01|07:38:41|1609486721|grocery_pos|177.72|0|Allen PLC|39.956812|-77.284209
264-82-8466|501851214178|Kelli|Nicholson|F|68236 Lambert Manors|Monrovia|MD|21770|39.3512|-77.2494|5164|Education officer, museum|1990-09-02|650387977076|adults_2550_female_urban.json|53c816ecf8e0a3b2fd5d2ba717130aca|2021-01-01|15:30:29|1609515029|shopping_pos|476.34|0|Moore Ltd|38.748448|-77.764747
264-82-8466|501851214178|Kelli|Nicholson|F|68236 Lambert Manors|Monrovia|MD|21770|39.3512|-77.2494|5164|Education officer, museum|1990-09-02|650387977076|adults_2550_female_urban.json|27c2bba44c0d1196c3432b3f660c2d54|2021-01-05|12:50:01|1609851001|personal_care|21.34|0|David, Harris and Beltran|38.864648|-77.143073
264-82-8466|501851214178|Kelli|Nicholson|F|68236 Lambert Manors|Monrovia|MD|21770|39.3512|-77.2494|5164|Education officer, museum|1990-09-02|650387977076|adults_2550_female_urban.json|65a31e3bf0024dac9f45feb0421635ab|2021-01-15|04:17:49|1610684269|grocery_net|61.96|0|Mendoza-Becker|38.831677|-78.001943
264-82-8466|501851214178|Kelli|Nicholson|F|68236 Lambert Manors|Monrovia|MD|21770|39.3512|-77.2494|5164|Education officer, museum|1990-09-02|650387977076|adults_2550_female_urban.json|a66ca2cb6433592bd22ab48fc39aa2ec|2021-01-03|06:36:03|1609655763|gas_transport|67.34|0|Kelly LLC|40.266241|-76.324839
264-82-8466|501851214178|Kelli|Nicholson|F|68236 Lambert Manors|Monrovia|MD|21770|39.3512|-77.2494|5164|Education officer, museum|1990-09-02|650387977076|adults_2550_female_urban.json|a58830ad6e8b7a22485d498999bea2a9|2021-01-24|17:34:35|1611509675|shopping_net|4.39|0|Hernandez, Gray and Jenkins|39.392870|-77.761336
264-82-8466|501851214178|Kelli|Nicholson|F|68236 Lambert Manors|Monrovia|MD|21770|39.3512|-77.2494|5164|Education officer, museum|1990-09-02|650387977076|adults_2550_female_urban.json|f52984e90c698f52ea858bc7fbe0e24c|2021-01-07|12:14:06|1610021646|kids_pets|22.54|0|Martinez Group|39.700146|-76.565586
264-82-8466|501851214178|Kelli|Nicholson|F|68236 Lambert Manors|Monrovia|MD|21770|39.3512|-77.2494|5164|Education officer, museum|1990-09-02|650387977076|adults_2550_female_urban.json|74215643dcf9cf05c24cbba30e161d5f|2021-01-24|15:38:48|1611502728|health_fitness|84.45|0|Morton, Johnson and Hubbard|40.078699|-78.037590
264-82-8466|501851214178|Kelli|Nicholson|F|68236 Lambert Manors|Monrovia|MD|21770|39.3512|-77.2494|5164|Education officer, museum|1990-09-02|650387977076|adults_2550_female_urban.json|1af68469cb0d4bb65c88b4365d75d379|2021-01-28|19:25:45|1611861945|shopping_net|1.93|0|Evans Ltd|39.632907|-76.324358
264-82-8466|501851214178|Kelli|Nicholson|F|68236 Lambert Manors|Monrovia|MD|21770|39.3512|-77.2494|5164|Education officer, museum|1990-09-02|650387977076|adults_2550_female_urban.json|f7eabb2d6b4e7eac1504900cb052fcc8|2021-01-27|07:46:32|1611733592|grocery_pos|185.08|0|Mendez-Kennedy|39.459488|-76.953504
264-82-8466|501851214178|Kelli|Nicholson|F|68236 Lambert Manors|Monrovia|MD|21770|39.3512|-77.2494|5164|Education officer, museum|1990-09-02|650387977076|adults_2550_female_urban.json|1f285692e1e5bc273bddde59e42610ae|2021-01-24|13:23:10|1611494590|entertainment|74.55|0|Gould-Allen|40.298193|-77.569841
264-82-8466|501851214178|Kelli|Nicholson|F|68236 Lambert Manors|Monrovia|MD|21770|39.3512|-77.2494|5164|Education officer, museum|1990-09-02|650387977076|adults_2550_female_urban.json|1e3b8ace693fe3bd742255c56df8b5ef|2021-01-30|15:55:42|1612022142|shopping_pos|167.22|0|Ramsey-Benton|39.637626|-76.842043
264-82-8466|501851214178|Kelli|Nicholson|F|68236 Lambert Manors|Monrovia|MD|21770|39.3512|-77.2494|5164|Education officer, museum|1990-09-02|650387977076|adults_2550_female_urban.json|a6ac785d3a793e05fa4399d8c26ace54|2021-02-01|23:49:08|1612223348|kids_pets|28.75|0|Singh-Nolan|39.836579|-76.357276
264-82-8466|501851214178|Kelli|Nicholson|F|68236 Lambert Manors|Monrovia|MD|21770|39.3512|-77.2494|5164|Education officer, museum|1990-09-02|650387977076|adults_2550_female_urban.json|e8d6b68c7eef090f8a27b2425e0132dd|2021-01-07|13:46:58|1610027218|entertainment|67.28|0|Ramirez-Holt|40.257241|-77.536891
264-82-8466|501851214178|Kelli|Nicholson|F|68236 Lambert Manors|Monrovia|MD|21770|39.3512|-77.2494|5164|Education officer, museum|1990-09-02|650387977076|adults_2550_female_urban.json|d67bb066e12710dbdf771ca1ec2842b3|2021-01-24|13:06:51|1611493611|shopping_pos|220.91|0|Woodward, Hale and Harvey|38.499352|-76.527239
264-82-8466|501851214178|Kelli|Nicholson|F|68236 Lambert Manors|Monrovia|MD|21770|39.3512|-77.2494|5164|Education officer, museum|1990-09-02|650387977076|adults_2550_female_urban.json|6183490e46e6b086402696b5e2ce8fc6|2021-01-03|19:04:51|1609700691|shopping_pos|225.21|0|Glass, Walters and Cain|39.895377|-77.375537
264-82-8466|501851214178|Kelli|Nicholson|F|68236 Lambert Manors|Monrovia|MD|21770|39.3512|-77.2494|5164|Education officer, museum|1990-09-02|650387977076|adults_2550_female_urban.json|842a00a05b2bbb175f5830441f447478|2021-02-01|11:46:25|1612179985|gas_transport|92.87|0|Lewis-Daniels|39.530654|-76.469319
264-82-8466|501851214178|Kelli|Nicholson|F|68236 Lambert Manors|Monrovia|MD|21770|39.3512|-77.2494|5164|Education officer, museum|1990-09-02|650387977076|adults_2550_female_urban.json|2681b4cdf7f0de20966e62a12b3c9a27|2021-01-07|22:46:23|1610059583|entertainment|411.85|0|Thompson, Conner and Palmer|38.485802|-78.129863
264-82-8466|501851214178|Kelli|Nicholson|F|68236 Lambert Manors|Monrovia|MD|21770|39.3512|-77.2494|5164|Education officer, museum|1990-09-02|650387977076|adults_2550_female_urban.json|9226267f91885148797a0c897780239f|2021-01-21|09:17:53|1611220673|misc_net|418.09|0|Hill, Walls and Raymond|39.226657|-77.542819
264-82-8466|501851214178|Kelli|Nicholson|F|68236 Lambert Manors|Monrovia|MD|21770|39.3512|-77.2494|5164|Education officer, museum|1990-09-02|650387977076|adults_2550_female_urban.json|c4d6dec2f28b528bbce96b677e5cce82|2021-01-16|23:55:06|1610841306|shopping_net|2.09|0|Heath, Williams and Peterson|38.513122|-76.551811
264-82-8466|501851214178|Kelli|Nicholson|F|68236 Lambert Manors|Monrovia|MD|21770|39.3512|-77.2494|5164|Education officer, museum|1990-09-02|650387977076|adults_2550_female_urban.json|5d97853db5395d5842d72eb5ac095fc5|2021-01-08|23:51:03|1610149863|personal_care|14.28|0|Hughes, Mclean and Newton|39.298715|-77.847600
264-82-8466|501851214178|Kelli|Nicholson|F|68236 Lambert Manors|Monrovia|MD|21770|39.3512|-77.2494|5164|Education officer, museum|1990-09-02|650387977076|adults_2550_female_urban.json|7bec5e3f70bad0a94dc0145be21c3317|2021-01-22|13:01:53|1611320513|personal_care|51.37|0|Solomon Inc|39.058805|-77.434693
264-82-8466|501851214178|Kelli|Nicholson|F|68236 Lambert Manors|Monrovia|MD|21770|39.3512|-77.2494|5164|Education officer, museum|1990-09-02|650387977076|adults_2550_female_urban.json|7259bc5b4276039b0ecb0aea4496618a|2021-01-31|23:29:03|1612135743|shopping_pos|2.48|0|Moses, Salinas and Hamilton|39.803233|-77.750358
264-82-8466|501851214178|Kelli|Nicholson|F|68236 Lambert Manors|Monrovia|MD|21770|39.3512|-77.2494|5164|Education officer, museum|1990-09-02|650387977076|adults_2550_female_urban.json|89f98cec9647ffffc544fff9def2f3c9|2021-01-03|18:14:09|1609697649|shopping_net|326.36|0|Hill and Sons|39.854217|-76.840914
264-82-8466|501851214178|Kelli|Nicholson|F|68236 Lambert Manors|Monrovia|MD|21770|39.3512|-77.2494|5164|Education officer, museum|1990-09-02|650387977076|adults_2550_female_urban.json|0e2ff1235e6ea295b2f9e518cdfc137c|2021-01-03|05:43:01|1609652581|grocery_pos|183.00|0|Moore-Novak|39.824599|-77.260448
264-82-8466|501851214178|Kelli|Nicholson|F|68236 Lambert Manors|Monrovia|MD|21770|39.3512|-77.2494|5164|Education officer, museum|1990-09-02|650387977076|adults_2550_female_urban.json|39bfa12692670f837fcfd3736df6ba0b|2021-01-03|21:22:27|1609708947|entertainment|57.97|0|Hudson-Barr|38.498454|-76.900500
264-82-8466|501851214178|Kelli|Nicholson|F|68236 Lambert Manors|Monrovia|MD|21770|39.3512|-77.2494|5164|Education officer, museum|1990-09-02|650387977076|adults_2550_female_urban.json|501f7aa381e048a499da884204722bee|2021-01-22|09:21:56|1611307316|grocery_pos|223.69|0|Owens, Parker and Haynes|40.032214|-77.457349
264-82-8466|501851214178|Kelli|Nicholson|F|68236 Lambert Manors|Monrovia|MD|21770|39.3512|-77.2494|5164|Education officer, museum|1990-09-02|650387977076|adults_2550_female_urban.json|ca5c2222d5566b15bb91f6573776bdf6|2021-01-05|10:32:19|1609842739|grocery_pos|181.95|0|Garcia LLC|40.135527|-77.142791
264-82-8466|501851214178|Kelli|Nicholson|F|68236 Lambert Manors|Monrovia|MD|21770|39.3512|-77.2494|5164|Education officer, museum|1990-09-02|650387977076|adults_2550_female_urban.json|1769d77afc6cd14d1a26fcc0ac241615|2021-01-02|06:17:24|1609568244|misc_pos|174.52|0|Cook-Anderson|38.551543|-78.155044
264-82-8466|501851214178|Kelli|Nicholson|F|68236 Lambert Manors|Monrovia|MD|21770|39.3512|-77.2494|5164|Education officer, museum|1990-09-02|650387977076|adults_2550_female_urban.json|80fc477e1c0fec8081b2ca37e9a4eda1|2021-01-24|09:07:15|1611479235|gas_transport|58.41|0|Harrison-Scott|39.366177|-77.004198
264-82-8466|501851214178|Kelli|Nicholson|F|68236 Lambert Manors|Monrovia|MD|21770|39.3512|-77.2494|5164|Education officer, museum|1990-09-02|650387977076|adults_2550_female_urban.json|3f3f8a62029e1a127bce0fcda90a7b73|2021-01-03|14:19:08|1609683548|shopping_net|143.78|0|Rios, Hicks and Buckley|38.934713|-78.240349
264-82-8466|501851214178|Kelli|Nicholson|F|68236 Lambert Manors|Monrovia|MD|21770|39.3512|-77.2494|5164|Education officer, museum|1990-09-02|650387977076|adults_2550_female_urban.json|dfe55088dc49dd330c3507dc237fb0ef|2021-01-01|13:30:00|1609507800|shopping_pos|122.60|0|Baker, Williams and Gross|39.994671|-76.682605
264-82-8466|501851214178|Kelli|Nicholson|F|68236 Lambert Manors|Monrovia|MD|21770|39.3512|-77.2494|5164|Education officer, museum|1990-09-02|650387977076|adults_2550_female_urban.json|43eac68a6d47976931fd69504aa40c50|2021-01-03|14:07:02|1609682822|personal_care|260.28|0|Eaton, Harrison and Osborn|38.527532|-76.472146
264-82-8466|501851214178|Kelli|Nicholson|F|68236 Lambert Manors|Monrovia|MD|21770|39.3512|-77.2494|5164|Education officer, museum|1990-09-02|650387977076|adults_2550_female_urban.json|ff75529b9e5ae0db1ad07b67203803c7|2021-01-28|03:46:47|1611805607|gas_transport|60.43|0|Jones Ltd|38.434929|-77.698488
264-82-8466|501851214178|Kelli|Nicholson|F|68236 Lambert Manors|Monrovia|MD|21770|39.3512|-77.2494|5164|Education officer, museum|1990-09-02|650387977076|adults_2550_female_urban.json|361f126dae95d83283ce84da4273310a|2021-02-01|15:43:28|1612194208|health_fitness|106.49|0|Watkins Inc|39.641440|-77.989528
264-82-8466|501851214178|Kelli|Nicholson|F|68236 Lambert Manors|Monrovia|MD|21770|39.3512|-77.2494|5164|Education officer, museum|1990-09-02|650387977076|adults_2550_female_urban.json|83347a1f159f00ac68185484ddaf54b0|2021-01-01|19:36:03|1609529763|shopping_pos|20.02|0|Sullivan-Black|39.000199|-77.192757
264-82-8466|501851214178|Kelli|Nicholson|F|68236 Lambert Manors|Monrovia|MD|21770|39.3512|-77.2494|5164|Education officer, museum|1990-09-02|650387977076|adults_2550_female_urban.json|6529e1281716dde72a6144b4e0b731fd|2021-01-01|17:55:03|1609523703|kids_pets|51.17|0|Mathews PLC|39.812586|-76.736306
264-82-8466|501851214178|Kelli|Nicholson|F|68236 Lambert Manors|Monrovia|MD|21770|39.3512|-77.2494|5164|Education officer, museum|1990-09-02|650387977076|adults_2550_female_urban.json|1c006fd6edefa2b1b65fce23a01d6937|2021-01-08|05:59:14|1610085554|grocery_net|39.00|0|Fields, Mckee and Harris|38.442361|-77.914458
264-82-8466|501851214178|Kelli|Nicholson|F|68236 Lambert Manors|Monrovia|MD|21770|39.3512|-77.2494|5164|Education officer, museum|1990-09-02|650387977076|adults_2550_female_urban.json|c4b41bd0a8d82363d67013dce126b7fc|2021-01-04|14:41:19|1609771279|food_dining|14.99|0|Frank-Boyd|38.934602|-77.960451
264-82-8466|501851214178|Kelli|Nicholson|F|68236 Lambert Manors|Monrovia|MD|21770|39.3512|-77.2494|5164|Education officer, museum|1990-09-02|650387977076|adults_2550_female_urban.json|86d536b730a1a56f34a69ceb8ae95f17|2021-01-26|13:51:03|1611669063|travel|23.94|0|Hill LLC|39.173192|-77.695690
264-82-8466|501851214178|Kelli|Nicholson|F|68236 Lambert Manors|Monrovia|MD|21770|39.3512|-77.2494|5164|Education officer, museum|1990-09-02|650387977076|adults_2550_female_urban.json|ba7a4f3e221ce009481bc78cb94811d6|2021-01-27|20:12:25|1611778345|kids_pets|12.19|0|Perkins, Clark and Walsh|39.550428|-77.980821
264-82-8466|501851214178|Kelli|Nicholson|F|68236 Lambert Manors|Monrovia|MD|21770|39.3512|-77.2494|5164|Education officer, museum|1990-09-02|650387977076|adults_2550_female_urban.json|b320c378e7d7646e84fee02648e3023e|2021-01-22|18:47:40|1611341260|health_fitness|5.63|0|Davis-Schmidt|39.157084|-76.963141
264-82-8466|501851214178|Kelli|Nicholson|F|68236 Lambert Manors|Monrovia|MD|21770|39.3512|-77.2494|5164|Education officer, museum|1990-09-02|650387977076|adults_2550_female_urban.json|4d1b5e7d555f2a0522376a4afdc83005|2021-01-08|17:32:24|1610127144|health_fitness|42.42|0|Gross Group|39.295790|-77.170485
264-82-8466|501851214178|Kelli|Nicholson|F|68236 Lambert Manors|Monrovia|MD|21770|39.3512|-77.2494|5164|Education officer, museum|1990-09-02|650387977076|adults_2550_female_urban.json|5cc433114199804698c1cfe2ebaeb0ef|2021-01-15|16:30:15|1610728215|food_dining|42.71|0|Lloyd-Contreras|40.194470|-76.778433
264-82-8466|501851214178|Kelli|Nicholson|F|68236 Lambert Manors|Monrovia|MD|21770|39.3512|-77.2494|5164|Education officer, museum|1990-09-02|650387977076|adults_2550_female_urban.json|9a41020e2ba8a4140e096fe59b87d6f2|2021-01-10|18:40:48|1610304048|kids_pets|92.76|0|Coleman, Wilson and Reed|40.007028|-77.816304
264-82-8466|501851214178|Kelli|Nicholson|F|68236 Lambert Manors|Monrovia|MD|21770|39.3512|-77.2494|5164|Education officer, museum|1990-09-02|650387977076|adults_2550_female_urban.json|3d9005c4473a958382aa1b8c4e7a2098|2021-01-16|13:59:07|1610805547|home|8.65|0|Cooley, Lopez and Erickson|39.451569|-76.641067
264-82-8466|501851214178|Kelli|Nicholson|F|68236 Lambert Manors|Monrovia|MD|21770|39.3512|-77.2494|5164|Education officer, museum|1990-09-02|650387977076|adults_2550_female_urban.json|68407afa41a11b09cc1a6b6f3cead032|2021-01-27|21:12:22|1611781942|shopping_net|1.47|0|Arnold, Scott and Poole|40.190491|-78.123344
264-82-8466|501851214178|Kelli|Nicholson|F|68236 Lambert Manors|Monrovia|MD|21770|39.3512|-77.2494|5164|Education officer, museum|1990-09-02|650387977076|adults_2550_female_urban.json|2c5b616949e3e08d1224834110f130e2|2021-01-23|17:30:11|1611423011|kids_pets|222.35|0|Bates, Kirk and Rollins|40.317029|-77.578004
264-82-8466|501851214178|Kelli|Nicholson|F|68236 Lambert Manors|Monrovia|MD|21770|39.3512|-77.2494|5164|Education officer, museum|1990-09-02|650387977076|adults_2550_female_urban.json|00f56287ec83869ffc2c1c0ad3726592|2021-01-20|14:19:46|1611152386|personal_care|67.72|0|Hughes-Powell|40.015318|-78.002477
264-82-8466|501851214178|Kelli|Nicholson|F|68236 Lambert Manors|Monrovia|MD|21770|39.3512|-77.2494|5164|Education officer, museum|1990-09-02|650387977076|adults_2550_female_urban.json|c1a350f8decb64013a37fb334a53ee81|2021-01-16|03:24:42|1610767482|misc_net|66.70|0|Anderson, Goodwin and Smith|39.430238|-77.434491
264-82-8466|501851214178|Kelli|Nicholson|F|68236 Lambert Manors|Monrovia|MD|21770|39.3512|-77.2494|5164|Education officer, museum|1990-09-02|650387977076|adults_2550_female_urban.json|da5e2b105d4501dcf93d599e774d5843|2021-01-15|20:56:18|1610744178|food_dining|26.50|0|Miranda Group|39.243025|-77.563323
264-82-8466|501851214178|Kelli|Nicholson|F|68236 Lambert Manors|Monrovia|MD|21770|39.3512|-77.2494|5164|Education officer, museum|1990-09-02|650387977076|adults_2550_female_urban.json|1ae875cbbef933d5c5273b521d318971|2021-01-08|15:09:54|1610118594|home|128.51|0|Ramirez, Patterson and Lamb|39.250985|-77.095362
264-82-8466|501851214178|Kelli|Nicholson|F|68236 Lambert Manors|Monrovia|MD|21770|39.3512|-77.2494|5164|Education officer, museum|1990-09-02|650387977076|adults_2550_female_urban.json|373cd15a709b0d0649687f20913996de|2021-01-27|18:12:14|1611771134|personal_care|44.87|0|Hayes, Little and Cook|39.658578|-77.226102
